Timestamp,age,Gender,Purchase_Frequency,Purchase_Categories,Personalized_Recommendation_Frequency,Browsing_Frequency,Product_Search_Method,Search_Result_Exploration,Customer_Reviews_Importance,Add_to_Cart_Browsing,Cart_Completion_Frequency,Cart_Abandonment_Factors,Saveforlater_Frequency,Review_Left,Review_Reliability,Review_Helpfulness,Personalized_Recommendation_Frequency ,Recommendation_Helpfulness,Rating_Accuracy ,Shopping_Satisfaction,Service_Appreciation,Improvement_Areas
9,23,0,0,0,2,1,1,1,1,2,4,1,4,1,3,2,2,2,1,1,2,11
10,23,0,3,8,2,0,1,1,1,2,2,2,3,0,0,2,2,1,3,2,8,11
11,24,3,0,20,0,0,1,1,2,2,4,1,3,0,3,0,4,0,3,3,2,9
12,24,0,3,4,1,0,1,0,5,0,4,1,4,1,0,2,3,1,3,4,2,9
13,22,0,1,1,2,0,0,1,1,2,4,2,3,0,0,2,4,2,2,2,2,9
14,21,0,1,8,0,3,2,1,1,2,3,0,1,0,0,2,5,0,5,2,8,9
15,22,0,1,8,0,3,0,1,1,2,2,2,3,0,0,2,3,1,3,3,8,13
16,21,0,0,1,0,3,1,1,1,2,2,1,3,0,0,1,3,1,1,3,2,13
17,20,0,1,1,1,0,1,0,1,2,4,0,2,0,1,2,2,2,2,2,8,11
18,23,0,1,1,0,3,1,1,1,2,3,1,3,0,0,2,3,2,3,4,8,9
19,22,0,1,8,0,0,2,1,1,0,4,1,4,0,0,2,3,1,3,2,2,13
20,25,0,2,2,0,1,1,1,1,2,4,2,4,1,0,2,3,2,3,1,8,9
21,23,0,1,1,0,0,1,0,1,0,4,0,3,0,0,1,2,0,3,2,2,9
22,24,0,3,9,0,0,1,1,1,2,2,0,2,1,1,2,2,2,2,2,8,9
23,21,0,1,0,2,1,1,1,1,2,2,0,0,1,0,2,5,1,3,1,7,11
24,23,0,1,28,0,3,0,0,1,0,4,2,4,0,0,2,3,1,3,3,7,13
25,16,1,0,11,1,0,1,1,1,2,4,1,1,0,0,2,3,1,3,2,8,13
26,21,0,1,8,0,0,1,1,1,0,4,3,1,0,0,2,2,2,2,1,8,13
27,23,0,0,5,1,0,1,1,1,2,4,2,3,0,1,2,2,1,3,2,8,2
28,25,0,1,0,0,1,1,1,1,2,4,1,3,0,0,2,4,1,3,2,8,9
29,64,1,4,12,0,0,1,1,3,1,2,0,1,0,3,2,2,2,1,2,2,11
30,23,0,3,8,0,0,3,0,1,2,4,1,4,0,0,2,3,1,3,2,7,2
31,21,1,1,28,0,1,3,1,1,2,1,3,1,0,2,1,3,1,3,3,0,0
32,16,0,1,8,0,0,2,1,2,2,4,0,2,0,1,2,3,2,2,2,8,13
33,23,0,0,4,0,0,1,1,1,0,3,3,3,1,0,2,3,1,1,1,2,2
34,24,0,2,12,2,1,2,1,1,0,3,0,4,1,1,0,2,0,2,3,7,9
35,22,0,1,1,0,1,1,1,1,2,4,1,2,0,0,2,3,1,2,2,8,13
36,23,0,1,0,0,0,2,1,4,2,4,1,3,0,3,1,3,2,3,5,8,11
37,23,0,0,4,1,1,2,1,1,2,2,3,2,0,0,2,3,1,2,2,7,13
38,24,0,1,8,2,0,1,1,4,2,4,1,3,0,3,2,4,2,5,4,2,11
0,25,0,0,23,0,1,1,1,5,2,2,2,1,1,0,2,2,1,3,4,8,9
1,23,0,1,15,0,1,1,0,5,0,2,0,0,0,0,2,4,0,3,4,2,2
2,23,0,1,28,0,3,3,0,3,1,1,3,1,0,3,1,5,0,3,3,8,9
3,23,0,1,15,2,2,1,1,1,2,2,1,0,1,0,2,1,2,2,1,8,11
4,23,1,2,16,2,1,1,1,1,2,2,1,3,1,0,2,3,2,1,1,2,2
5,24,0,1,28,1,2,1,1,1,2,3,1,3,1,0,2,3,1,3,1,8,9
6,24,0,0,2,0,2,1,0,4,2,0,0,2,0,3,1,2,2,2,1,8,13
7,23,0,1,5,1,3,2,1,1,0,2,1,3,0,1,2,2,1,2,2,8,11
8,29,1,3,8,1,1,2,1,1,2,2,0,2,0,1,2,2,2,2,2,2,2
52,19,0,0,8,2,1,1,1,5,2,0,1,3,1,4,2,3,2,3,5,2,13
53,26,0,1,28,2,0,1,1,1,2,4,2,4,1,1,2,1,2,2,2,2,9
54,32,1,1,28,0,3,1,0,1,1,0,0,1,0,1,2,1,0,4,1,4,8
55,30,0,3,26,0,0,0,1,2,2,4,1,2,1,1,2,1,0,4,1,7,11
56,22,0,1,7,0,0,3,1,1,2,3,1,2,0,1,1,5,2,3,2,7,9
57,26,0,0,1,2,2,2,1,1,2,4,2,1,1,1,0,2,2,2,2,7,13
76,24,0,1,1,0,1,1,1,1,2,0,2,0,1,0,2,1,2,1,1,8,2
78,23,0,0,2,2,0,1,1,5,2,4,2,0,0,0,2,4,2,4,4,8,9
86,24,0,1,8,1,0,0,1,3,0,3,0,4,0,3,1,3,1,3,3,5,9
89,23,0,0,28,0,1,1,1,1,2,4,1,0,0,0,2,4,1,3,3,8,9
96,24,1,0,8,0,0,1,1,1,2,0,0,2,0,0,2,1,2,1,2,7,9
99,23,0,3,5,0,0,1,1,1,2,3,0,1,0,0,2,5,0,4,3,2,2
47,25,1,1,28,1,1,1,0,4,2,2,0,2,1,0,2,3,1,3,3,8,9
48,24,0,1,1,0,0,1,1,1,2,2,1,3,0,0,2,1,2,2,2,7,13
49,21,0,0,26,0,0,1,0,1,2,3,0,2,1,0,2,1,1,3,1,7,11
50,23,0,1,8,0,0,1,1,1,0,3,0,1,0,1,2,3,1,3,3,8,11
51,26,0,1,5,0,3,0,1,1,0,4,2,4,1,0,2,4,2,2,2,5,13
58,23,0,0,11,2,1,1,0,1,2,4,1,4,1,1,2,1,1,3,2,8,9
59,23,0,0,1,2,0,1,1,4,2,4,2,4,1,0,2,3,0,3,3,5,11
60,40,1,0,5,0,1,1,1,1,2,2,0,1,1,0,2,4,1,2,1,2,11
61,25,0,3,0,1,0,2,1,5,0,4,1,2,0,1,1,3,1,3,3,8,2
62,24,1,3,28,1,1,1,1,4,2,4,0,4,1,1,1,4,1,1,2,8,13
63,23,0,1,2,0,0,1,0,4,2,4,0,4,1,4,1,3,1,3,3,7,9
64,24,1,1,28,1,0,1,1,1,2,4,1,1,1,0,2,2,2,3,2,7,13
65,24,1,1,28,0,1,2,1,1,0,1,0,3,0,0,2,3,1,3,3,8,9
66,24,0,1,1,1,0,2,0,3,0,4,0,4,0,3,1,3,2,3,3,5,2
67,26,1,0,28,0,1,1,1,4,2,2,0,3,1,3,2,3,2,3,4,2,9
68,23,0,0,6,1,0,2,0,1,2,4,1,2,0,0,2,2,1,3,3,8,9
69,23,0,0,2,0,1,2,1,1,2,4,0,1,0,0,2,3,1,3,1,8,9
70,24,0,3,28,1,1,1,1,1,2,4,1,4,1,3,2,3,2,3,2,7,9
71,23,1,1,28,0,0,1,0,1,0,3,2,1,0,1,1,3,1,3,3,8,17
72,24,0,1,1,2,0,1,1,1,2,2,0,2,1,1,2,1,2,2,2,2,9
73,36,0,3,27,1,2,1,1,5,2,2,0,1,1,0,0,2,1,3,1,7,13
74,26,1,1,26,0,3,0,1,1,2,4,1,4,1,1,2,1,2,2,1,8,9
75,31,1,3,27,0,0,1,0,1,2,4,0,2,0,0,2,4,1,3,1,3,11
77,23,1,1,28,0,3,2,1,1,0,2,1,1,0,0,2,2,0,3,2,7,11
79,23,0,1,26,2,0,1,1,1,2,4,0,3,0,0,2,3,2,2,2,8,9
80,30,1,4,24,2,1,0,1,4,2,2,1,0,1,1,2,4,2,4,4,5,2
81,24,0,1,28,0,3,2,1,2,2,4,1,2,0,1,2,2,1,2,2,8,9
82,47,3,1,28,1,3,3,0,2,0,1,0,1,0,2,1,2,0,2,2,7,13
83,54,2,2,16,2,2,2,1,4,2,0,3,0,1,0,2,5,2,5,5,2,13
84,58,1,3,11,0,1,1,1,5,2,4,0,1,0,2,0,4,0,3,3,2,11
85,53,0,1,26,0,1,1,1,3,1,3,0,1,0,1,2,2,2,2,1,2,11
87,23,3,4,0,0,2,2,1,5,0,4,1,4,1,3,1,3,1,3,3,5,11
88,25,2,0,20,2,1,0,1,5,0,1,0,4,1,3,1,4,1,3,3,5,2
90,23,0,1,0,0,3,2,1,1,0,3,1,3,0,3,2,2,1,3,2,7,13
91,32,1,1,9,1,1,2,0,4,0,3,0,3,0,1,1,4,1,4,4,7,2
92,30,3,0,1,2,1,0,1,5,2,2,3,0,1,0,2,5,1,5,3,2,9
93,28,2,0,16,0,0,1,1,3,1,1,2,1,1,3,0,4,0,4,3,2,13
94,20,0,2,1,0,2,2,0,1,1,2,1,2,0,3,1,3,0,3,3,2,11
95,25,1,0,28,0,3,3,1,1,0,4,0,1,0,1,1,2,1,2,3,8,9
97,55,2,0,12,2,2,1,1,3,2,4,2,2,1,4,2,4,2,3,3,5,2
98,24,0,3,6,0,1,1,1,2,2,3,2,0,1,1,2,4,1,3,4,8,9
100,62,0,1,0,1,3,0,1,3,0,4,1,2,0,2,1,5,2,4,3,7,13
39,27,1,1,28,0,3,3,0,4,1,1,3,1,0,2,0,5,0,5,5,2,2
40,34,3,0,1,1,0,2,0,3,0,4,1,3,0,3,0,4,2,2,2,8,9
41,40,0,4,2,1,1,2,1,2,0,2,1,2,1,3,1,2,0,2,2,2,13
42,22,2,1,28,2,0,2,1,4,0,2,1,3,1,4,0,3,0,3,4,7,11
43,34,3,0,9,0,0,2,0,3,2,2,1,2,1,0,2,1,1,2,2,7,9
44,24,0,1,5,0,1,1,1,1,2,4,1,1,0,0,2,1,1,3,1,7,9
45,44,1,0,11,0,0,2,0,5,1,3,0,4,0,2,1,2,2,3,2,5,2
46,31,0,3,27,1,3,3,1,4,1,1,0,2,1,2,1,5,0,4,2,7,11
176,23,0,4,8,1,1,2,1,5,1,3,3,4,0,3,1,3,2,3,3,5,9
182,23,0,1,7,1,0,1,1,1,2,4,0,3,0,0,2,2,2,2,1,8,11
183,22,0,1,9,0,1,1,1,5,2,4,1,1,0,0,2,5,1,2,3,2,2
184,24,0,4,2,1,1,1,1,1,2,2,1,0,1,0,2,1,2,1,1,8,2
185,23,3,4,2,2,2,1,1,1,2,2,1,0,1,0,2,1,2,1,1,8,2
186,25,1,1,28,2,0,1,1,5,2,3,3,1,0,1,2,3,1,3,3,8,2
101,23,1,4,8,1,1,0,1,1,1,4,0,4,1,1,0,1,0,2,2,2,2
102,24,1,3,15,1,1,1,1,1,2,2,3,4,1,1,2,2,2,2,2,2,9
103,24,0,0,28,2,1,1,1,1,2,2,0,4,0,1,2,2,2,3,2,8,2
104,26,0,1,28,0,0,1,1,1,2,4,2,2,1,1,2,1,2,2,1,5,13
105,25,0,1,8,1,3,2,0,5,2,4,0,4,1,1,2,4,1,4,3,8,13
106,26,1,0,11,0,1,1,1,4,2,4,1,1,0,3,1,3,0,3,3,5,11
107,29,1,1,28,0,3,1,0,4,1,4,1,3,0,1,2,3,1,4,4,8,9
109,23,0,3,2,2,0,1,1,2,2,2,2,2,1,1,2,2,2,3,4,2,11
111,30,1,2,9,2,1,1,1,3,2,4,1,4,1,1,2,1,2,1,2,2,2
112,23,0,1,5,0,2,2,1,1,2,4,1,2,0,0,2,3,1,3,3,8,2
113,21,0,1,8,0,3,1,1,1,2,1,2,1,0,0,2,4,1,3,3,8,11
114,23,0,3,5,0,1,2,1,1,2,4,0,2,1,1,0,3,2,2,2,5,9
115,23,0,1,11,0,0,1,1,2,2,2,0,3,0,1,2,2,1,2,1,8,13
116,27,1,3,28,1,0,1,1,3,2,4,0,2,1,1,2,3,1,3,1,8,9
117,38,0,3,5,0,0,1,1,2,2,2,0,1,1,1,1,4,1,4,2,8,9
118,23,0,1,1,0,3,1,0,1,2,4,1,1,0,0,2,3,0,2,2,7,9
119,38,0,1,2,0,0,2,0,3,1,4,1,3,0,1,0,4,0,4,2,5,13
120,23,1,0,28,0,1,2,1,3,1,3,1,4,1,0,1,2,2,3,3,2,11
121,24,1,4,11,0,1,2,0,2,1,2,1,2,1,3,0,3,0,3,2,5,2
122,25,0,4,15,2,1,0,0,2,1,2,1,4,1,0,0,2,2,3,2,5,2
123,26,1,1,16,2,1,1,1,1,2,2,1,4,0,0,2,1,2,2,1,8,2
124,27,1,4,3,0,0,0,0,3,1,4,1,4,1,3,0,3,0,3,2,2,9
125,29,3,4,0,2,1,2,1,1,1,4,1,4,1,3,0,3,0,2,1,2,2
126,35,3,0,2,0,0,0,1,3,1,4,1,4,0,2,0,4,0,3,2,2,11
127,21,0,3,1,2,1,1,1,1,2,4,0,4,0,0,2,1,1,3,1,2,9
128,36,1,0,5,0,0,2,0,4,0,4,0,2,1,3,0,2,2,2,3,5,2
129,44,0,0,0,0,2,0,0,2,1,2,2,4,0,3,0,2,0,2,2,2,2
130,32,0,4,16,2,2,1,1,1,2,2,1,0,1,0,2,1,2,1,1,7,2
131,30,1,0,18,0,0,0,1,3,2,0,2,2,1,1,2,4,0,3,2,2,9
132,36,2,1,28,1,3,3,0,5,0,1,3,1,0,2,1,5,1,5,5,7,13
133,25,1,1,16,0,3,1,1,1,2,4,0,0,0,0,2,1,2,1,1,8,2
134,20,0,2,15,2,2,1,1,1,2,0,2,0,1,0,2,4,2,1,1,8,9
135,35,0,4,0,0,0,2,0,3,1,3,0,4,0,3,0,2,1,4,3,5,9
136,42,1,1,25,2,0,1,1,1,2,2,1,0,1,0,2,1,2,1,1,8,9
137,37,0,0,15,0,0,2,1,2,1,2,1,2,0,1,0,2,0,1,1,5,11
138,28,0,2,4,2,2,1,1,1,2,2,0,0,1,0,2,3,1,2,1,8,2
139,27,1,4,5,0,1,2,0,2,1,2,0,2,0,0,1,3,0,2,2,2,2
140,45,0,4,15,0,2,2,1,2,1,2,0,2,0,1,0,2,0,2,2,2,9
141,35,1,1,22,2,3,1,0,1,2,3,2,0,1,0,2,1,2,1,1,2,13
142,50,0,2,2,0,1,0,0,3,2,2,0,3,1,1,0,2,0,3,2,2,11
143,54,0,0,7,0,1,1,0,3,1,3,0,4,0,1,2,2,0,3,2,2,11
144,29,0,2,16,2,2,1,1,1,2,4,0,0,1,0,2,1,1,1,1,2,9
145,63,1,1,25,0,3,1,1,1,2,4,1,4,0,0,2,2,1,3,2,2,2
146,24,1,0,1,1,1,1,1,1,2,4,1,4,0,0,1,2,1,2,1,2,9
147,23,0,1,0,0,3,1,1,1,2,3,2,2,1,0,2,1,2,1,1,8,13
148,26,0,0,1,2,1,2,1,1,2,0,2,0,1,3,2,5,2,1,1,8,9
149,29,1,2,1,0,2,0,1,5,2,4,1,0,0,4,2,3,2,1,1,2,13
150,46,3,0,1,0,0,1,1,2,1,4,1,4,0,1,0,2,2,3,2,2,11
151,24,1,1,28,0,0,1,1,4,2,4,1,4,0,3,2,3,2,4,5,8,6
152,33,0,0,13,0,1,0,1,2,1,4,1,2,0,3,0,2,0,2,2,2,11
153,33,0,4,7,0,1,0,0,5,0,1,0,3,0,3,0,2,2,1,1,5,13
154,31,3,3,8,0,0,2,0,3,1,4,0,4,0,0,0,3,0,5,4,8,13
155,40,3,0,9,1,2,0,0,2,1,0,2,2,0,3,0,1,2,1,2,5,11
156,37,1,4,1,0,0,2,0,3,1,4,1,0,0,3,0,2,0,3,4,5,2
157,25,3,0,0,0,3,2,0,3,1,3,0,2,0,0,0,2,0,3,2,7,9
158,60,0,4,1,2,2,1,0,2,1,4,0,4,0,3,0,2,0,2,3,5,2
159,18,0,4,13,0,0,2,0,3,0,4,1,2,0,4,0,4,0,4,4,2,11
160,50,1,1,10,0,1,2,1,3,1,1,3,3,0,3,0,4,0,4,4,5,13
161,24,3,0,2,1,0,2,0,1,1,4,0,3,0,3,1,3,0,2,3,8,9
162,19,0,0,1,0,0,2,0,3,1,2,1,4,0,3,0,2,0,3,2,8,2
163,18,0,3,4,0,3,3,0,4,0,3,2,0,1,1,0,1,0,2,1,8,9
164,17,1,0,14,0,1,2,1,3,0,1,0,0,1,1,0,2,0,2,2,8,2
165,27,0,3,0,0,1,1,1,1,2,2,0,4,1,0,2,3,1,3,2,8,13
166,23,1,1,6,0,3,0,1,1,1,2,0,1,0,0,2,5,0,5,2,8,9
167,35,0,0,0,0,0,2,0,3,0,3,1,2,1,3,0,2,0,4,2,5,11
168,57,0,0,16,0,1,0,1,2,1,0,0,3,0,3,2,3,1,3,1,5,11
169,54,1,0,21,0,1,0,0,3,1,3,1,4,1,1,0,3,0,2,2,2,9
170,26,3,3,0,0,0,2,1,2,1,4,2,2,0,0,0,2,0,2,2,8,13
171,46,1,4,0,1,3,1,1,2,2,2,1,2,1,0,0,2,0,2,2,2,2
172,26,0,2,16,1,1,1,1,1,0,2,3,2,1,1,2,3,1,3,2,2,1
173,24,1,3,28,0,0,0,1,1,2,2,0,2,1,0,2,1,2,3,2,7,13
174,26,0,3,14,0,1,2,1,1,2,2,0,1,1,0,2,2,2,1,1,7,13
175,27,1,3,8,0,0,2,1,5,0,2,2,1,1,0,2,3,2,1,2,8,13
177,22,0,0,0,2,2,0,1,3,0,2,1,0,1,1,1,1,1,3,3,2,2
178,24,1,0,0,2,1,2,1,3,2,4,1,4,0,3,2,3,2,3,3,5,2
179,25,1,2,0,0,1,0,1,3,0,2,1,2,0,3,1,2,0,3,3,2,11
180,22,3,3,0,2,1,3,0,2,0,2,1,4,1,0,0,3,1,3,3,5,2
181,27,1,3,28,0,0,1,1,1,2,2,2,1,1,0,2,3,2,1,1,7,13
108,23,0,1,9,0,0,1,0,1,2,4,1,4,0,1,2,2,2,2,2,2,13
110,24,1,1,8,0,0,2,0,1,0,4,2,1,0,0,2,3,2,3,3,7,9
236,24,0,1,0,0,3,2,0,4,2,4,0,1,0,1,2,3,0,3,3,2,9
253,23,0,0,8,0,0,0,1,1,2,4,1,4,0,0,1,4,2,3,4,7,9
261,23,1,3,11,0,0,1,1,1,2,4,1,2,1,0,2,3,0,3,3,2,14
280,25,0,4,12,2,2,0,1,3,2,4,0,2,0,1,2,3,2,3,3,5,11
282,21,1,4,12,0,1,2,0,5,0,4,2,3,1,3,0,3,0,3,3,7,2
288,36,0,0,12,0,0,1,1,2,1,2,1,4,1,3,0,3,1,3,4,8,2
289,23,0,2,0,2,1,0,1,3,1,2,1,4,1,3,2,3,1,3,3,2,2
290,23,0,0,8,1,0,0,1,3,1,3,1,4,1,3,2,3,0,3,3,5,2
291,23,3,4,8,2,0,2,1,3,0,4,0,4,1,3,2,3,0,3,3,5,2
292,21,0,4,0,2,1,0,1,3,0,4,1,4,0,1,2,3,0,3,3,2,2
205,23,3,4,8,2,0,1,1,3,0,2,2,0,1,0,2,3,1,3,3,2,9
206,26,2,0,0,2,1,0,1,3,2,4,2,4,1,3,0,3,0,2,3,7,9
208,30,0,0,0,2,1,0,1,3,0,4,1,1,1,1,1,3,1,3,3,5,2
219,37,0,3,8,1,0,2,1,1,2,4,0,2,0,0,2,4,1,2,3,8,9
220,26,0,3,0,2,1,2,1,3,2,4,0,2,0,3,2,2,2,3,3,2,13
221,46,0,3,28,1,3,3,0,5,2,0,2,0,1,4,1,1,2,1,1,7,13
222,36,0,1,28,0,3,3,1,4,1,1,3,1,0,2,1,4,2,4,4,7,9
223,40,0,1,26,1,3,2,1,3,2,4,0,3,0,1,2,3,2,2,2,8,2
223,41,1,1,8,1,0,1,1,1,2,0,1,3,1,4,2,5,2,2,3,8,13
224,34,1,1,28,0,3,1,1,2,0,4,0,1,1,1,1,4,0,3,2,8,12
225,29,0,3,2,0,2,1,1,1,0,2,0,0,1,0,2,5,0,3,3,7,9
226,35,1,3,8,1,1,2,1,3,2,4,0,3,0,4,2,2,2,3,3,5,9
227,32,1,1,8,0,3,1,1,5,0,4,1,3,1,1,2,3,2,1,3,5,11
228,41,1,0,4,1,1,0,1,1,2,2,1,1,0,0,2,1,2,2,2,8,9
229,35,0,0,27,2,2,1,1,1,2,4,0,4,1,1,2,2,2,3,2,8,9
230,36,0,0,25,2,1,1,1,4,2,4,1,2,1,1,1,3,2,2,1,2,11
231,46,0,4,28,0,1,1,1,5,2,2,1,2,0,1,2,5,1,3,4,8,2
232,39,0,0,26,1,1,0,0,2,2,4,0,4,0,4,0,1,1,2,3,8,2
233,48,1,0,0,2,1,0,1,1,2,2,0,2,1,3,2,2,2,2,1,8,2
234,25,1,0,28,0,1,1,1,5,1,4,1,4,0,3,2,3,2,3,4,8,2
235,38,1,3,3,2,1,2,1,1,2,3,1,1,0,0,2,3,1,3,3,7,10
237,26,1,3,2,2,1,2,1,1,0,4,3,4,0,3,1,1,2,3,3,2,9
238,40,0,1,0,0,1,2,1,4,2,4,2,2,1,4,1,3,0,4,3,7,9
239,49,0,0,25,1,2,1,1,1,2,4,1,0,1,0,2,3,2,3,2,8,4
240,30,1,1,8,2,1,2,1,5,2,4,0,4,1,3,2,3,2,4,1,8,9
241,24,0,1,8,0,3,2,1,1,0,3,2,4,0,1,2,2,1,3,2,2,2
242,23,0,3,5,2,1,1,0,1,2,4,1,3,0,0,2,2,2,2,1,8,13
243,27,1,3,8,1,0,1,1,4,2,4,1,4,0,3,2,3,2,3,4,7,9
244,28,1,1,28,0,3,1,1,2,0,4,0,3,0,1,2,5,2,2,2,2,9
245,23,1,1,28,0,1,1,0,3,2,3,0,2,1,1,1,2,1,3,2,7,9
246,46,0,0,26,2,1,2,1,1,2,0,1,2,0,3,2,1,2,2,2,5,9
247,27,1,1,28,1,3,1,0,2,0,3,3,2,0,0,1,3,1,3,3,5,2
248,20,0,3,26,0,3,2,1,1,2,4,0,2,1,1,2,3,1,2,3,2,9
249,23,0,1,1,0,0,1,1,4,2,3,0,4,0,0,2,4,2,3,4,7,13
250,29,0,4,16,2,2,1,1,1,2,2,1,1,1,1,2,2,1,2,2,8,2
251,29,0,1,8,2,0,3,0,1,0,4,2,4,1,1,2,1,2,1,3,8,9
252,57,0,0,26,0,1,2,1,1,2,2,1,4,1,0,2,4,2,3,3,7,2
254,25,0,1,0,0,1,1,1,1,2,4,1,4,0,1,2,4,2,3,1,7,2
255,23,0,0,7,0,0,2,1,1,2,4,1,3,0,3,2,1,1,3,2,5,9
256,15,1,3,11,0,1,1,0,1,2,4,3,3,0,0,1,3,1,3,2,8,9
257,39,1,1,11,2,0,1,1,2,2,2,1,4,1,1,2,3,1,3,2,8,9
258,23,0,3,1,0,0,2,1,4,2,4,1,4,0,0,2,3,1,4,3,7,11
259,25,0,1,0,0,1,1,1,5,2,4,2,3,1,0,2,3,2,3,3,2,13
260,37,0,2,16,1,1,2,1,1,2,0,0,2,1,0,2,2,1,3,2,8,11
262,23,0,0,5,0,0,2,1,3,0,4,0,4,1,3,0,3,0,2,2,5,11
263,23,0,0,9,0,1,0,1,3,1,4,0,4,0,4,1,3,0,3,3,7,11
264,23,0,3,9,1,0,0,0,3,0,4,0,4,1,3,0,3,0,3,3,5,11
265,23,0,4,0,0,0,2,1,2,1,2,1,4,0,3,1,3,0,3,2,5,2
266,21,0,3,9,0,0,0,1,4,0,4,1,3,1,1,0,2,0,2,4,2,2
267,21,0,4,8,0,1,0,1,3,1,4,1,4,0,1,0,4,2,2,1,5,2
268,34,0,4,0,0,1,0,1,2,1,4,1,2,1,3,0,2,0,3,2,2,2
269,23,0,0,9,0,1,0,1,3,1,4,1,4,0,3,0,3,0,3,1,5,2
270,23,0,4,0,0,0,0,1,3,1,4,1,4,0,3,1,3,0,3,2,5,11
271,23,3,0,8,0,0,2,1,3,1,4,0,4,1,3,0,3,0,3,1,2,2
272,27,0,4,0,0,0,2,1,2,1,4,0,4,0,4,1,3,0,2,1,8,2
273,23,0,1,28,0,3,2,1,3,0,4,0,1,1,3,1,3,1,3,2,8,9
274,47,0,1,8,0,3,2,1,1,0,3,0,0,0,0,2,5,1,3,2,5,9
275,54,1,1,28,0,3,1,1,1,2,2,1,1,1,0,2,1,2,3,3,8,9
276,46,3,4,5,0,0,0,1,4,0,3,0,4,0,1,0,3,0,3,3,7,11
277,38,0,3,28,0,1,2,1,2,1,4,1,3,0,1,2,3,0,1,3,2,2
278,45,0,0,24,1,1,0,1,3,0,4,0,0,1,1,0,1,0,2,2,5,11
279,34,1,4,8,2,1,3,1,4,1,3,0,2,1,3,0,4,0,3,2,5,11
281,44,0,4,8,1,0,2,1,2,0,4,1,4,1,3,0,5,1,4,3,2,2
283,23,0,0,10,1,0,0,1,2,1,0,0,4,1,4,0,2,0,3,3,2,2
284,32,0,4,0,2,1,0,0,3,1,2,0,4,0,1,0,4,0,4,5,5,2
285,23,0,4,0,2,2,1,1,3,2,0,0,0,1,3,2,2,0,4,3,5,9
286,23,0,0,8,0,1,0,0,2,0,0,1,2,1,4,0,2,0,3,2,5,2
287,23,1,4,21,0,1,1,1,1,2,0,0,0,1,0,2,1,2,1,1,8,9
293,19,0,0,8,0,1,2,1,2,2,2,1,0,1,1,2,4,2,2,2,7,2
294,23,0,1,7,0,0,1,1,5,2,4,1,0,0,0,2,5,0,4,1,8,13
295,23,0,0,1,0,1,1,1,3,1,4,1,0,1,1,0,2,2,3,3,5,2
296,34,1,4,5,2,0,0,1,3,1,4,0,2,1,3,0,3,0,3,3,5,2
297,34,0,4,8,0,1,1,1,3,1,4,1,4,0,4,1,3,0,2,4,5,11
187,34,0,3,27,0,1,1,1,4,2,2,1,4,1,1,1,3,0,4,4,8,9
188,23,3,0,0,0,1,2,1,3,1,2,1,2,0,3,0,2,2,2,3,8,2
189,45,0,4,8,1,3,1,1,2,0,0,2,3,1,1,0,3,1,2,3,2,2
190,23,0,4,12,2,1,0,0,3,1,0,0,3,1,4,1,2,0,2,1,2,13
191,34,0,4,9,0,0,0,0,2,1,4,0,2,1,1,0,3,1,3,3,2,2
192,37,0,4,0,0,1,2,0,2,2,0,1,2,0,3,0,3,0,3,3,5,11
193,34,0,4,8,0,1,0,1,2,1,4,0,2,1,3,0,2,0,3,2,2,2
194,23,2,3,12,1,1,0,1,3,0,4,0,4,0,2,1,3,1,3,3,5,2
195,45,0,4,28,0,3,1,1,2,1,4,3,2,0,3,0,3,0,3,3,7,11
196,26,1,1,8,2,1,1,1,5,2,3,1,3,1,2,2,3,2,1,3,8,15
197,34,0,0,1,0,1,2,1,2,1,2,0,2,0,1,0,2,0,2,4,2,2
198,21,3,4,1,2,1,0,1,3,1,3,0,3,1,3,0,3,0,3,5,5,9
199,23,3,0,9,1,1,1,1,3,2,4,1,2,0,1,0,4,1,3,3,5,2
200,41,1,2,16,0,2,1,1,1,0,2,0,1,1,0,2,3,2,3,4,8,5
201,32,0,0,1,1,1,0,1,4,0,3,1,4,0,3,0,3,0,3,3,2,2
202,23,0,4,0,1,1,0,1,3,0,3,1,4,0,3,0,4,1,3,3,2,13
203,22,0,2,0,2,1,1,1,3,0,4,0,0,0,3,1,4,1,3,4,5,9
204,48,0,2,8,2,3,1,0,4,1,3,2,3,0,1,0,1,1,2,2,8,13
207,32,1,0,12,2,1,0,1,3,0,3,1,4,1,3,2,3,1,3,3,2,2
209,28,3,0,0,1,0,2,1,3,0,4,2,4,0,3,1,3,0,3,3,5,11
210,23,0,4,0,2,1,0,0,3,0,3,0,3,0,3,1,3,1,3,3,5,11
211,23,0,0,0,0,1,2,0,3,2,3,0,0,1,3,0,3,1,3,3,5,2
212,26,0,2,8,1,1,2,1,3,0,4,0,4,1,3,0,4,1,3,3,2,11
213,34,0,2,0,1,1,2,1,3,0,4,0,4,0,1,1,4,1,3,3,7,11
214,23,0,2,0,1,1,0,0,3,0,4,1,4,1,0,2,3,1,3,3,5,11
215,22,0,4,8,1,0,0,1,3,0,4,1,4,1,3,1,3,1,3,3,5,11
216,32,3,3,8,1,1,2,1,3,0,1,0,4,0,3,1,3,1,3,4,5,11
217,47,0,3,8,0,2,2,1,2,2,2,2,4,1,1,2,3,1,2,3,7,13
218,22,0,0,0,1,1,2,1,3,0,4,0,4,0,3,2,3,1,3,3,5,11
311,47,1,0,10,0,1,0,1,2,2,2,0,2,0,1,0,3,2,2,2,2,9
312,22,0,0,16,0,2,1,1,1,2,4,1,2,0,0,2,1,1,2,1,2,2
313,45,3,3,13,1,3,3,0,5,0,1,3,1,0,2,1,5,1,5,5,7,9
314,21,1,1,28,1,3,3,0,4,0,3,0,3,0,4,0,4,1,4,4,8,13
315,27,2,0,1,0,0,2,1,2,1,2,1,2,1,0,0,2,2,2,2,8,9
316,37,1,1,25,1,1,1,1,1,0,4,0,4,1,0,1,2,1,2,1,8,2
317,33,0,2,16,0,0,2,1,1,2,0,0,2,1,1,2,2,0,3,2,8,11
318,22,2,4,0,0,0,2,0,3,1,2,0,2,0,3,0,2,0,2,3,5,2
319,25,1,0,9,0,2,0,1,3,1,2,0,2,0,1,0,3,0,3,3,8,9
320,28,0,0,16,2,2,1,1,1,2,2,1,2,0,1,2,1,2,1,1,5,2
321,17,3,0,10,0,3,0,0,3,1,2,0,1,0,2,1,5,1,5,5,7,13
322,16,1,3,11,0,3,1,0,4,1,4,0,3,0,0,0,4,0,4,4,7,2
323,32,1,1,19,2,2,1,1,1,0,2,0,2,0,1,1,2,1,2,1,8,2
324,27,0,3,15,0,0,2,1,1,2,4,0,2,0,0,0,1,0,2,2,8,9
325,18,0,0,14,0,1,1,1,2,1,2,2,2,1,0,1,1,0,2,2,2,13
326,37,1,1,28,0,3,3,0,3,1,2,0,1,0,0,1,4,2,4,4,8,9
403,28,1,3,8,2,1,2,1,1,1,4,3,4,1,0,2,2,1,3,3,5,9
404,48,0,1,0,1,3,2,0,5,2,0,1,3,0,3,2,3,2,3,2,2,13
408,50,0,2,26,2,2,3,1,3,2,4,1,0,1,1,2,2,2,3,3,8,9
409,24,0,0,9,0,1,1,1,1,2,4,0,4,1,0,2,3,1,3,2,2,16
415,40,0,0,4,0,1,2,0,1,1,0,1,4,0,2,1,5,1,3,4,5,9
307,25,0,2,2,0,2,0,1,1,2,0,2,0,1,0,2,1,2,1,3,6,11
308,31,1,4,6,0,2,1,1,4,2,0,0,4,1,0,2,2,2,3,1,2,9
309,18,0,3,8,0,0,1,1,2,1,4,0,0,1,0,2,1,2,5,3,7,13
310,26,0,4,0,2,0,2,1,1,2,2,1,4,1,1,2,1,2,1,1,8,9
327,16,0,1,9,0,0,1,1,1,2,2,3,3,1,0,1,1,1,3,3,8,9
328,18,1,4,1,1,2,2,0,3,1,2,1,4,0,1,0,3,0,3,2,2,11
329,40,1,1,27,0,1,1,1,3,1,2,1,2,0,1,0,2,0,2,2,2,9
330,19,0,0,1,2,2,1,1,1,0,2,1,2,1,0,2,1,2,1,1,8,2
331,16,3,0,16,1,1,0,1,2,2,4,0,2,0,1,1,2,0,1,1,7,13
332,43,1,1,24,0,3,1,1,3,0,4,1,4,0,3,1,1,1,3,2,8,2
333,25,3,4,10,0,0,2,1,3,0,4,0,2,0,3,0,4,0,2,3,2,11
334,22,0,3,4,1,2,1,1,1,0,4,1,4,1,1,2,1,1,2,1,2,9
335,17,3,3,11,1,0,2,0,3,1,2,0,2,0,1,1,4,1,4,4,8,2
336,34,1,1,16,1,2,1,1,1,2,2,0,2,1,0,1,1,2,1,1,2,2
337,30,3,0,3,1,0,3,0,4,0,4,2,2,0,1,1,2,1,4,3,7,11
338,31,2,3,26,1,1,0,0,3,1,2,0,4,1,3,1,4,0,2,2,8,11
339,31,0,0,9,1,1,2,1,3,1,4,0,2,0,1,0,2,0,2,2,2,13
340,34,3,2,0,2,2,1,1,1,2,0,2,0,1,0,2,5,2,5,5,8,9
341,26,0,3,8,0,1,2,1,1,2,0,2,2,1,1,2,1,2,1,3,7,9
342,26,1,3,16,2,2,1,1,1,0,4,1,4,1,0,2,1,1,1,1,5,2
343,24,3,1,11,1,3,3,0,4,0,3,0,3,0,4,0,4,1,4,4,5,2
344,26,0,3,3,0,1,2,1,3,0,3,0,3,0,4,1,4,0,4,3,2,2
345,29,1,1,18,1,1,1,1,1,2,4,0,3,0,1,1,3,1,2,1,5,11
346,37,3,0,1,2,2,0,0,2,2,4,0,4,0,3,1,3,0,3,2,7,9
347,34,2,0,8,1,1,0,0,3,0,2,0,2,0,1,2,3,0,3,3,7,2
348,31,0,3,16,2,1,1,1,1,0,2,1,2,0,0,2,2,1,3,1,2,2
349,27,1,2,1,0,0,2,0,3,2,0,0,2,0,1,2,2,2,2,2,5,2
350,23,1,3,10,1,0,2,0,3,1,4,1,4,0,3,0,2,2,1,2,8,9
351,21,3,3,6,1,0,2,0,3,0,0,1,2,1,0,2,2,0,2,2,8,2
352,53,1,1,24,2,1,1,1,2,2,2,1,2,0,1,1,1,1,2,1,8,2
353,26,3,3,17,0,1,1,1,2,0,2,0,2,1,3,2,3,1,2,2,2,13
354,28,3,0,2,1,0,2,0,3,1,4,0,2,0,1,1,2,2,2,2,2,2
355,47,0,3,16,2,2,1,1,3,0,4,1,4,1,3,1,2,1,3,2,2,2
356,37,3,4,10,2,2,1,1,1,2,0,1,2,1,0,2,2,0,2,2,2,9
357,37,3,4,19,1,1,0,1,1,1,2,1,2,1,0,0,3,0,1,1,5,13
358,39,1,1,16,2,1,1,1,3,0,4,1,2,1,4,1,5,1,3,2,2,13
359,40,3,0,20,0,0,2,0,3,1,2,1,4,0,1,1,2,0,2,3,8,2
360,23,0,0,13,1,0,1,1,1,2,2,1,1,1,1,2,2,0,2,1,7,13
361,25,3,0,10,0,1,1,1,2,0,2,1,4,1,1,2,2,0,2,2,5,9
362,34,0,2,1,2,2,1,1,5,2,0,0,0,1,4,1,5,1,4,1,2,2
363,26,0,0,22,0,1,1,1,2,2,2,0,4,0,3,1,2,1,2,2,2,13
364,31,3,4,10,0,2,1,0,3,0,4,0,3,1,1,0,4,0,2,3,5,2
365,26,0,0,9,1,3,2,1,4,1,3,1,4,0,3,1,4,0,2,2,8,9
366,34,0,0,16,1,0,2,1,3,0,4,0,2,1,3,0,2,1,3,3,5,2
367,18,0,0,1,2,2,1,1,3,0,2,1,4,0,3,1,3,1,3,1,8,2
368,40,1,0,14,1,0,3,1,3,1,2,2,2,0,1,1,2,2,2,2,5,2
369,42,0,0,10,0,1,1,0,3,0,2,0,3,0,3,0,3,1,4,2,5,2
370,35,3,3,16,1,2,1,1,1,0,4,0,4,1,1,1,1,1,2,1,2,2
371,37,1,3,10,0,1,0,0,3,2,2,1,4,0,3,0,2,1,2,2,8,2
372,46,1,1,27,1,3,3,0,4,0,1,3,3,0,4,1,4,1,4,4,5,9
373,24,3,0,1,1,1,1,1,5,0,2,1,4,0,4,1,5,1,4,2,2,3
374,35,3,3,13,0,1,0,1,3,1,4,1,2,1,1,0,2,0,3,2,2,9
375,46,0,3,15,1,1,0,0,2,0,4,1,2,0,1,1,2,0,2,2,2,13
376,32,2,3,16,2,2,1,1,2,0,4,1,4,0,1,1,2,1,2,1,5,2
377,35,0,0,2,1,2,1,1,2,1,4,2,2,0,1,1,2,0,2,2,5,2
378,36,0,0,2,2,1,0,1,2,1,4,0,4,0,1,0,2,1,2,1,8,11
379,15,0,2,2,0,2,1,1,3,1,2,2,2,0,1,0,1,2,2,2,8,9
380,43,3,1,25,1,3,1,1,1,0,4,1,4,0,0,2,1,1,3,1,2,7
381,20,3,2,3,1,2,2,0,3,2,2,1,2,1,1,0,4,0,2,2,5,9
382,34,0,2,2,1,2,2,1,2,0,4,0,4,0,1,1,2,0,1,1,7,9
383,34,1,1,16,2,0,1,1,3,0,4,1,2,0,3,1,1,1,3,1,2,2
384,25,0,0,10,2,1,0,1,3,2,2,1,4,0,3,0,2,0,4,3,5,13
385,21,3,3,1,1,2,1,1,1,0,4,1,4,0,0,2,3,1,1,1,2,2
386,24,3,3,9,0,0,2,1,2,1,2,1,4,0,3,0,3,0,1,1,2,2
387,36,0,0,14,2,0,2,0,3,1,4,0,2,1,4,1,2,2,2,1,5,2
388,46,1,0,9,0,0,0,1,3,1,4,0,4,1,1,2,1,1,3,2,5,11
389,27,1,3,2,1,0,1,1,1,2,2,1,2,1,0,2,1,0,5,1,2,2
390,25,1,0,9,0,0,0,0,2,1,2,1,4,0,1,1,2,1,3,1,8,9
391,43,1,4,2,1,1,1,1,1,2,0,1,4,0,3,0,2,1,5,2,8,2
392,32,3,2,1,1,1,1,1,1,0,2,1,4,0,0,1,1,2,2,1,2,2
393,18,1,4,9,1,1,2,1,2,1,2,3,2,0,1,1,3,1,3,3,5,11
394,45,0,2,2,0,0,2,0,3,0,1,2,4,0,3,0,3,0,2,3,5,11
395,25,3,3,4,2,1,1,1,1,2,2,1,2,0,0,2,1,2,2,1,5,11
396,45,1,1,9,1,0,0,1,2,1,4,0,4,0,3,1,2,0,2,3,5,2
397,32,0,4,16,1,1,0,1,2,0,2,1,4,1,3,0,2,0,3,2,5,2
398,42,0,3,16,1,0,1,1,1,0,0,2,2,1,1,2,1,0,2,2,8,2
399,35,0,2,9,0,0,2,0,4,0,4,0,2,0,3,1,3,0,3,4,5,2
400,35,0,0,22,0,0,3,0,4,0,2,1,4,1,3,1,4,1,4,3,2,2
401,52,1,2,19,2,1,1,1,2,0,0,1,0,1,1,1,3,1,1,1,7,13
402,24,0,1,26,0,3,2,1,1,2,4,1,3,1,0,2,4,2,1,3,2,9
405,28,0,4,2,0,1,1,0,2,2,2,1,4,0,1,2,2,0,3,2,8,9
406,33,0,2,2,0,2,1,1,2,2,2,1,4,0,1,2,2,2,2,2,7,9
407,23,0,1,2,1,3,1,1,3,0,3,0,1,1,1,1,4,1,5,5,8,9
410,21,0,1,1,2,0,1,1,2,2,4,0,3,0,1,2,1,2,2,2,7,9
411,34,0,0,26,0,0,2,0,3,1,0,1,4,0,3,0,1,0,3,3,5,11
412,23,3,3,8,0,0,0,1,2,1,4,1,4,0,3,0,3,1,2,2,2,2
413,34,3,0,0,1,3,3,1,3,1,4,1,4,1,3,0,2,1,2,5,7,13
414,34,0,4,26,0,1,0,1,3,1,4,0,4,0,1,2,2,1,2,2,2,11
298,25,0,1,28,1,3,2,0,3,0,3,1,1,0,2,1,3,1,3,3,5,13
299,32,1,1,28,1,3,2,0,1,1,0,0,1,0,1,2,2,1,2,2,8,2
300,24,0,0,26,2,1,1,0,1,2,2,3,4,1,0,2,2,2,2,2,8,9
301,34,0,0,8,1,0,2,1,3,0,3,0,3,0,2,1,5,0,1,3,5,11
302,44,1,4,0,1,1,2,0,3,0,4,0,4,1,3,1,3,1,3,3,5,11
303,23,0,4,2,1,1,0,1,2,0,4,0,3,1,1,1,2,0,2,1,8,2
304,23,0,0,8,1,3,2,0,3,1,4,1,2,1,1,0,3,0,4,2,5,2
305,34,0,4,0,1,0,1,1,4,0,2,1,4,1,3,1,3,0,2,2,5,11
306,23,0,4,1,2,2,0,0,3,1,2,1,2,1,3,0,3,2,1,4,2,11
465,36,0,3,26,0,1,2,1,3,2,4,1,4,0,3,2,3,2,3,2,7,9
485,24,0,0,16,1,2,1,1,2,2,4,0,2,1,3,0,3,0,3,3,2,2
486,21,0,4,4,0,1,0,1,4,2,2,2,0,1,0,2,3,2,3,3,5,11
487,21,0,0,8,1,1,2,1,3,2,2,1,4,1,1,2,2,2,2,2,2,2
488,45,1,3,8,1,2,1,1,3,0,0,1,2,1,3,2,2,0,3,2,2,9
489,21,0,4,0,1,0,0,1,2,0,2,1,2,0,3,0,2,1,2,2,2,2
490,23,0,4,8,2,1,2,0,3,0,2,1,4,1,1,2,2,1,2,2,5,11
491,21,0,4,18,2,0,1,0,2,1,4,0,3,1,1,2,3,1,1,1,5,11
492,34,0,3,8,1,1,2,1,2,0,2,0,4,1,1,1,2,0,3,3,5,11
493,21,0,0,0,1,0,2,1,3,0,4,0,3,1,4,1,2,1,3,3,5,11
494,23,0,4,8,1,0,0,1,3,0,4,0,4,0,3,1,2,0,4,3,5,2
495,21,0,4,23,1,0,2,1,3,0,4,1,4,0,1,1,3,1,3,4,5,11
496,32,0,3,28,1,0,3,0,2,1,3,3,3,1,1,0,3,0,3,3,5,2
416,35,3,4,12,0,1,0,1,2,0,4,0,4,0,3,1,4,1,3,2,2,2
417,37,1,3,18,2,1,0,1,2,0,3,0,4,0,4,1,2,1,2,1,5,11
418,23,0,4,8,0,0,2,1,2,2,2,1,2,0,3,2,1,1,4,2,5,11
419,33,2,0,8,1,0,3,0,3,0,4,0,4,0,3,1,3,1,3,2,2,2
420,35,0,0,9,1,0,2,1,4,0,3,1,4,1,3,1,2,1,3,2,5,11
421,44,0,4,8,1,1,2,1,3,0,3,0,4,1,3,1,3,1,4,4,5,11
422,34,1,4,8,1,0,2,1,4,0,2,3,2,0,1,1,2,1,3,2,2,11
423,34,3,3,8,0,0,2,1,2,1,4,1,2,1,3,0,2,1,3,3,2,2
424,34,0,0,28,0,0,2,0,2,0,4,0,2,0,3,0,1,0,3,1,2,2
425,34,0,0,8,0,1,0,1,3,0,4,0,3,1,4,1,2,1,2,1,2,11
426,3,3,3,26,0,1,2,0,3,1,4,1,2,1,3,1,3,1,3,2,2,2
427,23,0,2,0,0,1,2,1,3,0,4,0,4,1,3,1,3,1,3,2,2,9
428,33,0,0,8,2,2,2,1,4,0,4,0,4,1,3,1,3,1,3,1,8,2
429,23,0,0,8,1,3,3,0,3,0,3,3,1,0,4,1,3,0,3,3,2,11
430,34,0,0,24,1,0,0,1,3,0,3,0,4,1,1,2,1,1,3,2,2,11
431,23,0,0,5,1,0,0,1,2,0,4,0,4,0,3,2,3,1,3,4,5,11
432,34,3,4,8,1,0,2,0,3,0,4,0,4,0,3,1,2,1,2,3,5,2
433,23,0,0,8,2,2,1,1,3,0,4,0,2,1,0,1,3,1,3,3,5,11
434,23,0,4,0,1,0,2,1,2,0,4,0,4,0,3,1,2,1,4,3,5,11
435,23,0,4,5,1,1,2,0,1,0,4,1,0,1,1,1,3,1,4,1,5,11
436,23,3,3,21,1,0,2,0,3,0,4,0,4,1,1,1,2,1,2,2,5,11
437,45,0,0,7,1,0,2,0,3,0,4,0,4,1,4,1,3,0,2,3,5,2
438,23,0,1,8,0,2,0,1,2,2,2,0,4,1,1,1,2,1,2,1,2,11
439,34,3,4,0,1,0,2,1,2,0,4,1,2,0,3,1,3,1,2,3,5,2
440,45,0,3,5,2,1,2,1,3,0,4,0,4,0,3,1,3,1,3,3,5,2
441,34,0,4,0,1,1,2,1,2,0,4,0,4,1,3,1,3,1,3,2,5,2
442,45,0,0,20,1,0,2,1,3,0,4,0,3,1,1,1,3,1,2,1,2,11
443,67,0,0,0,1,0,2,1,2,0,2,0,4,1,1,1,1,2,3,3,5,2
444,34,2,4,0,1,3,2,1,2,0,2,1,2,1,1,1,2,2,3,2,2,2
445,21,0,0,0,1,1,0,0,2,0,4,0,4,1,1,0,3,1,3,3,5,2
446,17,0,0,8,1,1,0,0,3,0,4,0,4,0,1,2,3,1,3,2,2,2
447,34,0,0,8,1,1,0,1,2,0,4,0,2,1,3,1,2,1,3,3,2,9
448,46,3,0,8,1,1,0,1,3,0,3,1,4,1,3,1,3,1,3,3,2,2
449,54,0,0,8,1,1,0,1,3,0,4,1,4,1,1,1,3,1,3,3,5,9
450,56,3,4,8,1,0,2,1,3,0,4,0,4,1,3,1,3,1,3,3,5,2
451,50,3,0,15,1,1,2,1,3,0,4,1,4,1,3,1,3,1,3,4,5,13
452,56,3,0,0,1,0,2,1,3,0,4,0,3,1,3,2,4,1,3,3,5,11
453,22,3,0,8,2,1,1,1,3,0,4,1,2,0,3,1,4,1,3,3,2,2
454,25,3,0,8,1,0,2,1,3,0,4,1,4,0,1,1,3,1,3,3,5,2
455,23,1,0,0,1,0,2,1,3,0,4,0,4,1,3,1,3,1,3,3,2,2
456,23,3,4,8,1,0,2,1,3,0,4,0,4,1,0,1,3,1,3,3,5,2
457,56,0,0,8,1,1,0,1,3,0,4,1,4,1,3,1,3,1,3,3,5,2
458,56,0,2,5,1,1,2,1,3,0,4,1,4,1,1,1,3,1,3,3,5,2
459,23,0,0,0,1,0,2,1,3,0,4,1,4,1,3,2,3,1,3,3,5,11
460,56,0,4,4,1,1,2,1,3,2,4,1,4,1,1,0,4,1,3,3,5,11
461,23,0,0,0,1,2,2,1,3,0,4,2,4,1,1,1,3,1,3,3,5,2
462,45,0,0,26,1,1,2,1,3,0,4,1,4,1,3,1,3,1,3,3,2,2
463,23,0,0,0,1,1,2,1,3,0,4,1,4,1,1,1,3,1,4,3,8,2
464,23,0,3,0,1,0,2,1,3,0,4,1,4,1,1,2,3,1,3,3,5,2
466,34,3,0,8,1,0,2,1,3,0,3,0,3,0,4,2,2,1,1,3,5,2
467,34,0,0,8,0,1,2,0,2,0,4,1,3,1,3,1,2,1,2,2,5,11
468,45,2,0,0,0,0,0,0,2,2,2,0,2,1,1,0,2,1,3,2,2,9
469,33,3,4,0,0,0,2,1,1,1,3,0,2,1,1,0,2,2,2,2,2,9
470,34,0,4,0,1,1,0,1,2,2,2,1,2,1,1,1,2,1,2,1,2,11
471,45,3,4,0,1,0,2,0,3,0,4,1,2,1,0,1,4,1,3,3,2,2
472,45,1,0,0,0,1,3,0,2,1,4,0,2,1,0,0,3,1,3,3,5,9
473,34,0,4,8,0,1,2,0,2,0,2,0,4,1,0,1,2,1,2,3,2,2
474,67,3,0,26,1,1,0,1,3,1,4,2,4,1,4,1,2,1,4,2,5,11
475,34,0,4,0,1,1,2,1,3,0,0,1,4,1,1,1,3,1,3,4,5,11
476,45,2,1,0,0,1,0,0,4,0,0,1,4,1,3,1,3,1,2,2,5,2
477,23,0,3,8,1,1,0,1,3,0,4,1,4,1,3,1,3,1,3,3,2,11
478,21,3,1,8,1,0,2,1,3,0,4,0,4,1,3,1,3,1,3,3,5,2
479,23,0,0,0,1,1,2,1,3,0,4,2,4,1,3,1,3,1,4,4,7,2
480,23,3,2,1,1,1,2,1,3,0,4,1,4,1,3,1,3,2,3,3,2,11
481,42,0,4,8,1,1,2,1,3,0,4,0,1,1,3,1,3,1,3,3,5,2
482,23,3,4,8,1,0,1,1,3,0,4,0,4,1,3,1,4,1,3,3,5,13
483,23,3,2,0,1,0,2,1,3,0,0,0,4,1,2,1,3,1,3,3,8,2
484,25,3,0,0,1,0,0,1,3,0,4,3,3,1,1,1,3,1,3,3,5,11
497,40,1,2,2,0,1,1,1,1,2,4,1,2,1,0,2,2,2,2,1,8,9
499,23,0,0,0,2,1,0,1,3,0,4,1,4,1,3,1,3,1,3,3,5,2
500,23,0,2,8,1,0,2,1,3,0,4,0,4,0,0,1,3,1,3,3,5,11
498,27,1,1,8,1,3,2,1,1,2,4,0,4,0,0,2,3,1,2,2,8,9
560,39,1,3,26,1,1,1,1,1,2,2,1,2,1,1,2,1,2,2,1,1,11
561,32,0,3,10,0,1,3,1,1,2,4,1,3,1,3,2,5,2,1,2,2,13
558,36,0,1,26,0,3,1,1,1,0,4,3,4,0,4,2,2,2,1,2,8,9
559,40,0,3,8,2,3,2,1,4,2,4,1,4,1,4,1,5,2,5,4,5,2
501,23,1,3,8,1,3,0,0,3,1,4,1,4,0,1,2,3,1,3,1,5,2
502,45,0,4,0,1,0,2,0,3,0,3,0,3,1,1,1,3,1,1,1,2,11
503,45,3,0,8,2,2,1,1,2,2,2,2,0,1,0,2,1,2,1,1,8,9
504,45,3,0,0,2,0,0,1,2,0,4,1,4,1,3,1,2,1,2,1,8,9
505,45,3,0,20,2,2,1,1,1,0,2,1,2,1,0,0,1,1,3,1,5,11
506,45,0,0,8,0,2,2,0,1,1,4,1,1,0,1,1,4,0,4,4,7,13
507,32,1,3,9,0,3,3,0,4,0,3,2,4,1,3,0,2,0,3,5,2,2
508,34,3,3,26,1,0,0,1,2,2,4,0,4,0,4,0,3,0,3,2,2,11
509,54,1,0,21,1,0,2,0,4,0,4,0,4,0,3,0,3,0,2,3,2,11
510,25,1,4,3,0,0,1,1,3,0,2,1,4,0,0,1,3,0,2,2,5,2
511,26,2,3,10,0,2,0,0,4,0,2,1,3,0,3,1,3,0,2,2,5,9
512,36,0,0,2,0,1,2,0,3,1,4,1,2,1,1,1,3,0,2,2,2,11
513,22,1,3,9,1,0,1,0,2,1,2,1,0,0,3,1,2,0,2,2,2,2
514,34,0,0,8,1,1,0,0,1,2,2,1,0,1,1,1,2,1,2,2,2,9
515,35,0,0,2,0,0,2,1,3,1,4,0,2,0,4,1,2,1,2,3,8,2
516,34,3,0,16,1,1,2,1,4,1,4,0,4,0,0,1,2,1,5,4,2,11
517,21,2,2,15,0,0,2,0,4,1,3,0,4,0,2,0,5,0,5,4,5,9
518,24,0,0,2,0,3,3,0,5,1,1,3,1,0,2,0,5,0,5,5,7,11
519,26,3,1,27,0,3,3,0,5,1,1,3,1,0,2,0,5,0,5,5,7,9
520,36,1,3,2,0,3,3,0,5,0,3,3,1,0,4,0,4,0,5,4,8,2
521,36,0,3,12,1,0,2,0,3,0,4,1,4,0,3,0,3,1,3,3,2,11
522,28,0,4,16,1,2,3,1,4,1,3,0,4,0,3,1,3,1,3,4,5,11
523,40,0,0,13,2,0,2,1,2,0,4,0,4,1,1,1,3,0,2,3,8,13
524,50,0,0,2,0,1,1,1,3,1,4,0,4,0,4,1,3,1,4,3,5,11
525,27,1,3,2,1,0,0,1,2,0,2,0,4,1,3,2,2,0,2,3,8,9
526,27,0,0,1,0,0,0,0,3,0,4,0,4,0,1,1,3,1,3,4,8,13
527,45,1,0,10,1,0,1,0,4,0,4,0,2,1,1,0,2,2,2,3,5,9
528,46,0,0,10,1,0,2,1,3,1,4,0,4,0,3,1,2,2,2,3,2,11
529,60,3,1,27,1,0,2,0,4,2,4,2,4,1,3,1,4,0,3,4,5,2
530,32,0,0,3,2,1,0,0,1,2,0,1,2,0,3,0,2,0,2,4,8,11
531,45,0,0,15,1,1,0,1,2,1,4,3,4,0,4,0,3,0,2,2,2,2
532,25,0,2,2,2,1,1,1,3,1,2,1,2,0,3,2,2,0,2,2,5,2
533,37,0,0,16,2,1,2,1,3,0,4,0,4,0,3,0,3,0,2,3,5,13
534,37,0,0,1,0,3,1,0,3,0,3,0,4,0,1,1,1,0,2,3,5,2
535,32,1,0,2,1,1,0,1,2,0,4,0,4,1,1,2,2,0,2,3,5,2
536,56,1,0,2,0,1,1,1,3,1,4,0,4,0,1,0,2,0,2,2,5,11
537,34,0,0,2,1,1,2,0,3,0,4,0,4,0,2,1,3,0,3,2,5,2
538,21,1,3,15,0,1,2,0,3,0,2,0,3,0,1,1,2,2,1,1,8,9
539,46,1,0,14,2,1,1,0,1,0,2,0,2,0,3,2,2,2,2,2,2,9
540,21,1,2,2,1,3,1,1,5,0,4,1,2,1,1,2,1,2,2,1,2,11
541,31,0,0,14,1,1,2,1,2,2,4,0,2,1,1,0,5,1,3,2,2,2
542,36,0,2,16,1,2,2,1,3,0,4,0,2,0,3,1,2,0,2,2,7,2
543,35,0,0,5,1,0,2,0,2,1,2,2,4,1,4,1,3,2,2,1,5,9
544,25,1,0,2,1,0,2,1,1,2,4,1,4,1,3,2,2,1,4,3,5,2
545,45,0,0,8,1,3,2,1,3,1,3,0,4,0,3,1,3,0,2,1,7,2
546,36,0,0,1,0,1,0,1,2,0,2,0,4,0,3,0,1,2,2,1,2,11
547,36,0,4,14,0,0,2,1,1,1,2,2,2,1,1,1,1,1,1,2,8,9
548,43,1,3,0,1,2,0,1,2,1,0,1,2,0,4,1,1,2,2,1,2,9
549,34,0,2,14,0,1,2,1,4,0,0,2,2,1,3,2,1,2,1,1,2,2
550,43,1,0,15,0,1,0,1,2,1,2,0,2,1,1,0,2,0,2,2,2,11
551,25,0,0,11,0,1,1,1,4,2,4,1,2,0,1,0,2,0,2,2,5,2
552,43,0,2,2,1,1,0,1,3,1,4,1,4,0,1,1,3,1,2,2,2,2
553,56,0,2,14,1,1,0,0,2,1,3,0,2,1,3,1,3,1,3,2,5,9
554,32,0,0,13,0,0,2,0,3,0,4,0,4,0,3,1,3,0,3,3,5,2
555,21,1,4,8,1,1,2,1,1,0,4,1,4,0,3,1,4,1,3,2,2,2
556,34,1,1,8,0,1,2,0,2,1,2,1,4,1,3,0,2,0,3,3,7,2
557,34,0,4,20,0,2,1,1,5,1,0,0,4,0,2,2,2,0,3,2,7,9
596,34,0,4,8,0,1,1,1,2,1,2,0,4,0,3,0,4,1,4,4,7,13
562,45,3,3,8,1,1,1,0,2,0,4,3,4,1,0,1,3,1,3,3,5,11
563,45,0,4,0,2,1,2,1,3,0,4,1,4,1,3,1,3,1,2,4,5,9
564,45,3,1,26,1,0,2,1,3,0,1,1,3,0,1,1,4,2,4,4,2,13
565,45,0,0,12,1,2,2,1,3,0,2,0,3,1,1,1,3,1,3,3,5,9
566,45,0,0,0,2,0,3,1,3,0,3,1,2,1,3,2,3,1,3,3,5,11
567,45,3,4,8,1,2,2,1,3,0,4,0,4,1,3,1,4,1,3,4,5,9
568,25,0,3,0,1,0,1,1,3,0,4,1,3,1,1,1,3,1,3,3,5,2
569,45,3,0,0,1,0,2,0,3,0,4,0,0,1,3,1,3,1,3,3,7,9
570,60,1,4,0,1,0,0,1,3,0,3,0,4,1,0,1,3,1,3,3,5,2
571,26,1,0,12,1,1,2,1,4,0,4,0,4,1,3,1,3,1,3,3,8,2
572,25,3,0,0,1,1,0,1,4,2,4,1,4,1,1,1,3,1,3,3,2,2
573,45,0,2,0,1,1,2,1,2,0,4,2,4,1,1,2,4,1,3,4,2,2
574,12,0,2,0,2,1,2,1,3,0,4,1,0,1,1,2,3,1,4,4,8,2
575,56,3,0,0,1,2,2,1,4,1,4,1,2,1,3,2,3,1,3,4,5,2
576,45,0,2,0,2,1,0,1,3,0,2,1,4,1,1,1,3,2,3,2,2,2
577,41,0,4,0,1,1,2,1,3,0,4,1,2,1,1,1,4,1,3,3,5,9
578,23,0,4,0,1,1,1,1,3,0,2,1,4,1,1,1,3,1,3,3,2,2
579,23,0,2,0,2,1,1,1,3,0,4,1,4,1,3,1,4,1,3,3,2,2
580,45,0,2,0,1,1,2,1,3,0,4,2,4,1,1,1,3,1,3,3,5,11
581,25,0,0,0,1,1,2,1,3,0,4,2,4,1,3,1,4,1,4,4,5,11
582,25,1,2,0,1,1,2,1,2,2,4,1,0,1,1,1,3,1,3,2,5,9
583,23,0,0,8,1,1,1,1,4,0,4,2,4,1,3,1,3,1,3,3,5,2
584,23,0,0,8,1,1,2,1,3,0,4,0,4,1,3,1,3,1,3,3,7,2
585,23,0,3,8,1,0,0,1,3,0,3,0,4,0,3,1,3,1,3,3,2,2
586,23,0,4,0,1,1,0,1,3,0,4,1,4,1,1,1,3,1,3,3,5,2
587,23,3,2,5,1,0,1,1,3,0,4,0,0,1,1,1,3,1,3,3,2,2
588,23,0,2,0,1,0,2,1,2,0,2,1,2,1,1,1,3,1,3,5,2,2
589,23,0,4,12,1,1,2,1,3,0,3,2,0,1,1,1,4,1,3,4,5,2
590,23,0,3,0,1,1,2,1,3,0,4,1,3,1,1,1,4,1,3,4,5,9
591,23,0,0,0,2,1,1,0,3,0,4,1,4,1,3,2,3,1,3,4,2,2
592,25,0,4,0,1,2,2,1,4,0,4,1,4,1,0,1,3,1,3,3,5,2
593,23,0,4,0,1,1,2,1,4,0,4,1,4,1,1,1,3,1,3,4,2,2
594,23,0,4,8,1,1,0,1,3,0,4,1,4,1,0,1,3,1,3,3,5,11
595,23,0,3,0,1,1,2,1,3,0,4,2,4,1,3,1,3,1,2,3,8,9
597,23,0,0,4,2,0,1,1,1,2,2,3,4,0,0,2,2,2,2,2,8,9
598,23,0,4,8,1,2,1,1,3,0,2,1,4,1,1,1,3,1,3,3,5,9
